"","baseMean","log2FoldChange","lfcSE","stat","pvalue","padj"
"id129133",0.448530972663906,-0.0127108800439598,1.71686024345111,-0.00740356129303179,0.994092866713722,NA
"id129134",3.49141221936663,1.35624933590887,0.717788610612633,1.88948294227086,0.0588271463065156,NA
"id129135",100.021842649375,0.300979067915548,0.19236953632199,1.56458799906741,0.11767954461414,0.30361322510448
"id129136",0.522723139268199,1.93973047843712,1.89194521500171,1.02525721308234,0.305241838850484,NA
"id129137",1.75019053991872,3.04061077394213,1.05385485120313,2.88522728767707,0.00391131168484666,NA
"id129139",0.475613921566442,1.38318617995902,1.63184436985181,0.847621381985482,0.396648862484776,NA
"id129140",0.42303583917476,0.496811151319676,1.8412434266775,0.269823720275904,0.787295873286246,NA
"id129141",0.817124854555672,0.697838194893302,1.51997094379725,0.45911285195356,0.646153128006661,NA
"id129142",0.730981512502421,-0.27074299052559,1.83557299727792,-0.147497806367325,0.882739111059001,NA
"id129143",0.386894487286146,0.868128078939511,2.02498476531293,0.428708449470906,0.668135410849928,NA
"id129144",0.314432969270342,1.16748633945531,2.13590001260628,0.546601588353713,0.584652477623657,NA
"id129145",0.202361916555869,1.06813476067697,3.03808320865464,0.351581799219373,0.725151916916934,NA
"id129146",0.0581473525618885,0.0682374803625387,3.0414330302705,0.022435963469651,0.982100192865074,NA
"id129147",103.491846348642,0.325648109706419,0.206476847617205,1.57716525346294,0.114757505763426,0.302116698846571
"id129148",0.561320660405155,2.55674739115373,2.03098927828823,1.25886799033653,0.208078017324588,NA
"id129149",0.231774842584945,-1.60158981722824,3.03809187573424,-0.527169645533242,0.598075785845125,NA
"id129151",0.415174450914285,-2.330405268241,2.47525703235948,-0.941480112075312,0.346458876337832,NA
"id129152",0.370224147449653,1.92734029226423,2.57368433960409,0.748864288679903,0.453939006384909,NA
"id129153",147.316377100728,-0.0702557980988426,0.199309261750296,-0.352496404240674,0.72446601464721,0.898616498937405
"id129155",0.525749115297936,-0.317638006303641,1.53638945029836,-0.206743157629699,0.836210450554304,NA
"id129156",1.85778960883177,0.389684741409828,0.82088240534742,0.474714452242283,0.634990515460191,NA
"id129157",1.37270307092268,0.299082620661342,1.02270875391103,0.292441635526824,0.769948978284546,NA
"id129158",0.206727410807212,1.11415323597614,3.03685111427244,0.366877793494682,0.713710176422323,NA
"id129159",1.09294707945339,-0.693570262744162,1.27892147226807,-0.542308716980229,0.587605851569748,NA
"id129160",0.739389608497711,-0.600602550907047,1.45657784479901,-0.412338106783384,0.680091621549169,NA
"id129161",0.942065654416257,-1.446975460303,1.35310822902024,-1.06937156191173,0.284902276291314,NA
"id129162",2.58102107619546,-0.151105405727443,0.64024869704213,-0.236010485340355,0.813424533858234,NA
"id129163",2.82783023452434,1.55532747715369,0.844241748457952,1.84227738085041,0.0654345866184743,NA
"id129164",1.54802815333911,0.76149863831373,1.11307277953665,0.684140922600521,0.493886182981028,NA
"id129165",3.57365539151649,1.3412111687873,0.686582797436006,1.9534587434989,0.0507652613420381,NA
"id129166",0.44232230989475,0.303304803808464,1.98997587291467,0.152416322196018,0.878858584227907,NA
"id129167",6.54453784547265,0.0564979358864476,0.566480165569183,0.0997350645625521,0.920554661823371,NA
"id129168",1.17534510282782,-0.0664901001294579,1.2466533925807,-0.0533348728084046,0.95746509524886,NA
"id129169",0.469386429334394,-0.746316962001643,2.02371328132824,-0.368785918878689,0.712287301149054,NA
"id129170",26.2699406379206,0.347602586256094,0.230959596756843,1.50503634028273,0.132314734034322,0.328242320969761
"id129171",0.712200594832078,-1.04305966893696,1.29637287623977,-0.804598497897021,0.421051409230926,NA
"id129172",45.4686907443535,0.0628301776824036,0.25609202888578,0.245342184041295,0.806191491478149,0.936925246852984
"id129173",38.8883001485038,-0.373293876778541,0.225161945515651,-1.65789061701189,0.0973395463820915,0.273573781745373
"id129174",7.20388529973309,0.911511343892467,0.533347931797167,1.70903698983334,0.0874440978968274,NA
"id129175",26.497942232418,-0.23975718674844,0.329810067543386,-0.726955330788682,0.467253320199296,0.706605026937995
"id129176",14.2776143296026,-0.0122559814589641,0.372569852387356,-0.0328957949239052,0.973757686147268,0.987635603155073
"id129177",34.7381168034017,-0.188594227271767,0.261761103468195,-0.720482244202801,0.471228128140152,0.706605026937995
"id129182",1315.99666535809,-0.554477481507608,0.210718930349219,-2.63136055497571,0.00850437589336712,0.0522411662021123
"id129183",0.663419517027348,-0.223612883336739,1.47009279799756,-0.152108005454707,0.879101750242003,NA
"id129199",3.67738278222702,0.0265812122352068,0.726956405159581,0.0365650705414332,0.970831794564862,NA
"id129220",11.38448348232,1.16159397772001,0.539605451953374,2.15267279734672,0.0313444028381484,0.130433160197456
"id129221",7.79871261771531,0.268028007054499,0.42394531433526,0.632223067436806,0.527241126136742,NA
"id129223",6.0916458667546,-0.149882320907136,0.701906584506674,-0.213535994982123,0.830908916539709,NA
"id129224",4.72910938587664,0.451297030909692,0.870028697028045,0.518715109572006,0.603959423479315,NA
"id129225",0.351266355906419,-0.613591729198919,2.11432926460577,-0.290206326644837,0.771658396429672,NA
"id129226",4.21377292674475,0.68000349773351,0.728720004332944,0.933147839623219,0.350743641619164,NA
"id129227",2.41831530002049,0.954488037077583,0.951875624988255,1.00274448890249,0.315984158500858,NA
"id129228",1.97253804283496,0.353892000339842,0.823822193248459,0.429573278360456,0.667506078589502,NA
"id129229",3.11647761519137,0.673825198336699,0.775936095779204,0.868402954833589,0.385173777836351,NA
"id129230",26.1467270239989,0.737458754600405,0.298020441386808,2.47452406676775,0.0133413831610054,0.0748277577291172
"id129231",1.02735110452834,0.375659316733126,1.51427357248727,0.248078896415056,0.80407336355096,NA
"id129232",0.3912086192963,0.302678772970705,2.07334008810176,0.145986070836947,0.883932384479978,NA
"id129233",3.06290902504755,0.377991636469682,0.633012767717358,0.597131141339721,0.550419827927378,NA
"id129234",2.27759922413769,2.75773015939176,1.04902674677458,2.62884637390886,0.00856750554025926,NA
"id129235",2.53449434432172,0.92448313469744,0.746436450501317,1.23852892510346,0.215520003704836,NA
"id129236",210.641096714346,-0.0758113964804314,0.234477119409396,-0.323321084254984,0.746452087856454,0.89992821806993
"id129237",13.5825227467048,-0.122643645713982,0.343821718462108,-0.356707093032283,0.721311094946586,0.898616498937405
"id129238",2.48745285863825,0.361716869192869,0.849436776348961,0.425831420612133,0.670230689773196,NA
"id129239",1.14193514319653,2.33597546474083,1.40822020335383,1.65881405420647,0.0971532674352766,NA
"id129240",2.55931064756911,-2.02307222028936,0.847631575969832,-2.38673531949848,0.0169987245982889,NA
"id129241",56.4576035297829,-0.288973436788281,0.368051810561537,-0.785143364319806,0.432369517158265,0.691441619731423
"id129242",1.03266714504054,-0.0313520346196172,1.0222301863105,-0.0306702296992178,0.975532533246912,NA
"id129243",0.239870250216999,-0.252353797938742,2.54856456673547,-0.0990180124264966,0.921123968537794,NA
"id129244",0.655752293033646,1.7988985642359,1.69455347790963,1.06157674436748,0.288427875815834,NA
"id129245",1.40436916743977,0.943300277934705,1.0291604453089,0.9165726123992,0.359366641322843,NA
"id129246",18.0436467032841,0.106579356781107,0.329268809340371,0.323684946031235,0.746176569129156,0.89992821806993
"id129247",0.382447571090823,-0.318546345603636,2.33043612352754,-0.136689584575036,0.891276162559744,NA
"id129248",0.497585171077588,2.32513261472197,2.13547467604787,1.08881301230184,0.276236352237097,NA
"id129250",1.89927832401439,0.740767110537893,0.795798674720767,0.930847378952743,0.351932517521635,NA
"id129252",0.598308149360889,0.0189363699615703,1.75355942990155,0.0107988184709733,0.991383956926654,NA
"id129253",0.189048791039461,0.388837260012763,2.75290065334527,0.141246382988887,0.887675305017287,NA
"id129254",0.902329746868447,-0.362026109599774,1.20583960127079,-0.300227417658407,0.764003692893056,NA
"id129255",0.105767320714353,-0.893547350870104,3.0414330302705,-0.293791558774067,0.76891718571833,NA
"id129257",0.520067421509249,1.94651392756712,1.4278737807254,1.36322548522338,0.172811457681088,NA
"id129258",1.13311634157594,0.231521507913848,1.36985242080357,0.169012007715426,0.865787196483864,NA
"id129259",341.222404597855,-0.507920189330169,0.189087485371258,-2.68616502214786,0.00722773815621262,0.0480220733461119
"id129276",10.7046268753892,-0.406611431430642,0.538548762867079,-0.755013212296617,0.450241054708834,0.691441619731423
"id129277",82.1461443253442,-0.406758730722398,0.27774586160944,-1.46449969898876,0.143057465254263,0.346508361564834
"id129291",0.521895546523779,-0.776804563973854,1.7681789480104,-0.439324631054981,0.660426329276548,NA
"id129294",10.0588550543041,0.414772477433584,0.512159286115645,0.809850545870857,0.418026077878828,0.683269789879602
"id129295",1.2099706193775,0.894096874338557,1.09425462088902,0.81708302370444,0.413880983746693,NA
"id129296",19.7891379247272,-0.193645236067094,0.581986473093273,-0.332731506692698,0.739336964461603,0.89992821806993
"id129297",36.520031876028,0.36102513763319,0.298064848455172,1.21123017190498,0.22580720220771,0.485485484746577
"id129298",2.85685478370966,0.144861788060433,0.890492529587668,0.162676028430591,0.870773522087627,NA
"id129299",4.64395384525127,1.07906662192071,0.572414429266476,1.88511429263495,0.0594144087903385,NA
"id129300",620.16979340602,0.0499836594755089,0.167059214250314,0.299197261879944,0.764789538366807,0.913498615271463
"id129301",6.85883804477348,-0.25584161734541,0.723776440179569,-0.353481549194854,0.723727458745747,NA
"id129302",15.1859344797315,0.260465381867502,0.373149133977677,0.698019526646104,0.485164982544452,0.706605026937995
"id129303",15.1425880375055,1.02751169746227,0.429683494219922,2.39132224366144,0.0167878110183123,0.0876964705434018
"id129304",6.86592417288973,-0.844054754946127,0.51113422315844,-1.65133680490122,0.098669820963484,NA
"id129305",37.4336011088656,-0.0882071416673378,0.236353535486455,-0.373200009408756,0.708999589172743,0.898616498937405
"id129306",94.8679486706812,0.173337888754397,0.307546225370622,0.563615724906097,0.573015682719551,0.781953144346375
"id129307",24.767276526583,0.315707037624412,0.269216507784222,1.17268825831978,0.240920841715379,0.487284004020555
"id129308",9.45138085713131,0.342268374025887,0.450123555593573,0.760387608630126,0.447022927956149,0.691441619731423
"id129309",0.971427394460856,0.393689453711179,1.27870991658574,0.307880191280882,0.758173499208299,NA
"id129310",66.4810311531486,-0.0154493535446643,0.240499800693191,-0.0642385295128508,0.948780298619795,0.983178646498175
"id129311",8.12706075802639,-0.0533212644842792,0.412468177807499,-0.12927364425472,0.897141125259581,NA
"id129312",3626.83709284989,-0.32694386282666,0.137926813744624,-2.37041554104199,0.0177681029457285,0.0876964705434018
"id129313",7.06071485107118,0.20430277160144,0.448151357885942,0.455878952515494,0.648477025471693,NA
"id129324",3.2802731964366,1.47328629026362,0.649381830038819,2.26875194548567,0.023283414750038,NA
"id129335",51.6761503270516,0.0982118656832291,0.210642251585779,0.466249600656375,0.641036849453149,0.835290440196527
"id129336",0.44702264434707,-0.00105105875093843,1.83950412675407,-0.000571381567266768,0.999544103493957,NA
"id129346",0.110011974752368,-1.15275739159996,3.04070888185129,-0.379108108138956,0.704607585516974,NA
"id129347",2.18866291966859,0.449739649321983,0.913554728615061,0.492296340038416,0.622509867094541,NA
"id129348",5.35865134878951,-0.201965740336426,0.887698197580079,-0.227516222165368,0.820022356497506,NA
"id129349",65.3907905368876,-0.751674458841433,0.276193722334022,-2.72154795007389,0.00649769578276438,0.0480220733461119
"id129350",4.17428102427231,0.563323277231473,0.764590032997975,0.736765132842066,0.461265190170537,NA
"id129351",4.60266848670467,0.985337100748681,0.614323323722993,1.60393894012884,0.108727512361962,NA
"id129352",44.4056149285325,0.440762348235442,0.25227411765838,1.74715643573197,0.080610206139144,0.261283844693875
"id129353",0.126331795185575,-0.252356969103644,3.0414330302705,-0.0829730480967387,0.933872970201772,NA
"id129354",1.69423652115834,0.342799757594585,1.06135464504297,0.322983235806827,0.746707938129005,NA
"id129355",16.1297568890333,0.207309952221335,0.374911885467778,0.552956468591744,0.580293218826104,0.781953144346375
"id129356",22.0800747393688,-0.68833371788189,0.237623410885496,-2.89674201425203,0.0037705968723216,0.0347433568949633
"id129357",33.8109188257313,-0.381434110538233,0.261750972015824,-1.45724047403031,0.145050011817837,0.346508361564834
"id129358",22.8962726512787,-0.766326379687588,0.432315044578372,-1.77261094495328,0.0762931968522667,0.258995326156379
"id129359",23.9013281959631,0.0499802050920326,0.271319523009572,0.18421160607108,0.853847454959499,0.95779410165022
"id129360",176.092388424387,-0.748404501731654,0.214175907405647,-3.49434495596268,0.000475226548373218,0.00613042247401452
"id129361",0.547992854774056,0.790438756571354,1.59861608922467,0.49445189617397,0.620987070897044,NA
"id129362",1.17858182792873,0.941897599347685,1.0902049143002,0.863963817253828,0.387607767461205,NA
"id129364",8.04457444784773,-0.553946520792491,0.487219906022808,-1.13695379426176,0.255557602061477,NA
"id129365",6.97203515296689,-0.289899986056929,0.529060590910235,-0.547952334832128,0.583724632131553,NA
"id129366",2.39500654276293,0.955412008917572,0.775586474425976,1.23185749161586,0.218002322803854,NA
"id129367",2.41387914722711,0.78507586639522,0.800539358591769,0.980683657798224,0.326748765239288,NA
"id129369",12.7722867017449,-0.999850797305561,0.373602512266756,-2.67624216774981,0.00744528268931968,0.0480220733461119
"id129375",13.6219208041539,-1.23690688592846,0.398286012779262,-3.10557450234633,0.00189909772829858,0.0188448928423475
"id129380",0.155045558105409,0.709429344963093,3.0414330302705,0.233254961691528,0.815563429386767,NA
"id129387",0.756979377667876,-1.02872883573706,1.54158176170148,-0.667320320786381,0.50456754909303,NA
"id129396",0.16040797841209,-1.23535973861447,3.04027003485204,-0.406332241693324,0.684498498484238,NA
"id129397",0.114393634803877,-0.252356969103644,3.0414330302705,-0.0829730480967387,0.933872970201772,NA
"id129398",0.161835312005362,0.999489724416529,3.03940383927064,0.32884400272929,0.742273601653034,NA
"id129399",7.45528905676905,0.248212606068464,0.425548785271814,0.58327650003729,0.559707179690562,NA
"id129400",6.89499829195667,-0.312145176552443,0.546692437210469,-0.570970357931386,0.568019736239278,NA
"id129401",5.45334334864727,0.235078329202235,0.482573424076578,0.487134843059511,0.62616277586207,NA
"id129402",3.66238344620952,1.08123669430043,0.878207228518039,1.23118628404482,0.218253200113115,NA
"id129403",1290.00081748956,-0.296518392063923,0.226220698713253,-1.31074828143722,0.189942820880327,0.429870594623899
"id129404",2.99945296895371,-0.473264476923682,0.828898044150503,-0.57095619933415,0.568029334012665,NA
"id129406",6.49407967563479,-0.438154142979329,0.51132341446058,-0.856902169132152,0.391498953903769,NA
"id129433",13.1795840595724,-0.683540190630807,0.514416924670909,-1.3287669161898,0.183924880277933,0.423684099211668
"id129434",0.526064695210108,-0.745344807347961,1.93718161075576,-0.384757321259713,0.700417222047295,NA
"id129437",9.08754708808318,0.271862619344097,1.01378855141022,0.268165012285771,0.788572305096021,0.924780248703516
"id129438",0.780395858992177,-1.65819088891691,1.65885873840771,-0.999597404242242,0.317505379856723,NA
"id129439",260.124617510052,-0.340956083325305,0.287218575579559,-1.18709621283133,0.235189672015072,0.487284004020555
"id129442",20.1130642419203,0.565804414493573,0.343600439781559,1.64669292872057,0.0996211784111434,0.273573781745373
"id129443",80.9441277132561,0.106604338932743,0.197157022666793,0.540707794684599,0.588709005045205,0.782922285060117
"id129444",15.3866281572045,-0.101215674565471,0.441817863543182,-0.229089140384154,0.818799633759403,0.94161831329737
"id129445",144.995605831168,0.0937650499823682,0.158306324897063,0.592301350204029,0.553648811926117,0.776311921070316
"id129446",31.8815956960622,-0.268424307886631,0.331741618031574,-0.809136669313173,0.418436537988283,0.683269789879602
"id129447",9232.18449964705,-0.576996264115221,0.166446554295828,-3.46655577555374,0.000527172347938287,0.006182293898549
"id129458",0.300496455369631,-0.859570113415807,2.42204084038319,-0.354894970837822,0.722668276255824,NA
"id129459",0.334306660492364,0.410081452758933,2.36246265250989,0.173582194970685,0.862193825936705,NA
"id129461",0.956607074002702,1.64406739549632,1.29580391696147,1.26876248325556,0.204525789585764,NA
"id129462",0.155045558105409,0.709429344963093,3.0414330302705,0.233254961691528,0.815563429386767,NA
"id129463",0.358536790114783,-1.70367421671607,2.05262712934129,-0.829996930452146,0.406540519146829,NA
"id129464",0.272845060622633,0.38883700114223,2.78594671714389,0.139570867866726,0.888999059355651,NA
"id129465",1.35920539166989,0.70070208501506,1.11352310181736,0.629265871423287,0.52917501061211,NA
"id129466",0.380253097673916,0.30928761799225,2.32027499074633,0.13329782858745,0.893957844813086,NA
"id129467",0.198718461600525,1.19420158975791,3.03478989242394,0.393503877398274,0.69394736075621,NA
"id129469",0.169701118734576,0.709429344963093,3.0414330302705,0.233254961691528,0.815563429386767,NA
"id129470",0.164695854730305,1.01273453641549,3.03918813110038,0.333225352538086,0.738964182112209,NA
"id129471",0.175062030916075,1.05778247583966,2.82079609558631,0.374994306569967,0.707664700920992,NA
"id129472",0.164256433695745,1.00117220248447,3.03937634250775,0.329400538025646,0.741852961175708,NA
"id129473",0.164362336985698,-1.19864819739288,2.86162237690672,-0.418870151095395,0.675311032650178,NA
"id129474",6.55817775741068,0.218241017300768,0.550427416242118,0.396493726258667,0.691740835173208,NA
"id129475",0.578076447574693,2.57230006316348,2.30619199974664,1.11538851207795,0.26468397025662,NA
"id129477",0.791822637012682,0.605212576035797,1.46960152032642,0.411820869579239,0.680470723611997,NA
"id129478",5.65865519202056,0.0524370529967191,0.538988065173377,0.0972879668121253,0.922497711761481,NA
"id129479",0.051681852701803,0.0682374803625387,3.0414330302705,0.022435963469651,0.982100192865074,NA
"id129480",4.7467399252042,1.41803196528584,0.539548743376412,2.62818138804664,0.00858427286313833,NA
"id129482",0.948604786045555,1.98827392133852,1.3124389879957,1.51494579140393,0.129786132653984,NA
"id129483",2.42884529851951,0.421845710913634,0.750802372895349,0.56185985306207,0.574211508720498,NA
"id129484",0.351365012054644,0.78740286096565,2.08555869688525,0.377550083889571,0.705764851856386,NA
"id129485",80.565241026523,0.753736277597335,0.232542077570329,3.24128985804463,0.00118990127085237,0.012791438661663
"id129486",10.8306914325417,0.512281907653327,0.573561409152747,0.893159650350359,0.371771682703636,0.645488957091279
"id129487",35.1549877682353,0.720673786056672,0.25074459556649,2.87413487189426,0.00405135914471271,0.0348416886445293
"id129488",1463.87657128222,-0.235604200624038,0.15316005797519,-1.53828748656,0.123978337986816,0.313592266672535
"id129489",1.28311296098376,2.63438092594445,1.16258242311976,2.26597346868118,0.0234530077249654,NA
"id129490",0.207170640470932,1.23371590026452,2.67585383932288,0.461055040501284,0.644759116789182,NA
"id129491",0.0528836603571764,-0.572952901403921,3.0414330302705,-0.188382547207677,0.850576780076535,NA
"id129492",0.423441613514367,-2.39687912068455,1.93379282633191,-1.23947047897113,0.215171314812914,NA
"id129493",6.56805376165899,0.14533773490589,0.574317806731793,0.253061516119355,0.800220676803113,NA
"id129494",1.92926713911453,-2.28594196096429,0.941871266778237,-2.42702165528796,0.0152233471474861,NA
"id129495",57.4382280266793,-0.0161661120933805,0.350910727173333,-0.0460690165376315,0.963255240998872,0.986189889594083
"id129496",447.168532479892,-0.76770075697502,0.196581949369463,-3.90524541768674,9.41298079403705e-05,0.00134919391381198
"id129497",18.6561309255377,0.347342090370459,0.41331056585169,0.840390057908893,0.400689721709761,0.671285377929339
"id129564",0.0376325423598616,0.0682374803625387,3.0414330302705,0.022435963469651,0.982100192865074,NA
"id129572",1.59453110886775,-0.214550136485372,0.919435651003276,-0.233349812193227,0.815489781486647,NA
"id129573",2.60476387078212,0.78725189017977,0.972116679678767,0.809832715183856,0.418036327163098,NA
"id129574",6.83932524672265,-0.361378266199339,0.639554080960294,-0.565047236750842,0.572041635309671,NA
"id129575",14.4227481919207,-0.638434170507547,0.329296890099341,-1.93877983577356,0.0525281524597751,0.193603761923171
"id129576",4.60846565664676,0.588996396812316,0.634859084609501,0.927759263576743,0.353532459325276,NA
"id129577",2.45361480900419,-0.112612611418966,0.948890260876849,-0.118678224513447,0.905530288926171,NA
"id129578",1.82486947856934,1.0458278487299,0.913291977470049,1.14511883880442,0.252159932647678,NA
"id129579",3.91394299502005,0.673217414709725,0.593962866879762,1.13343350611513,0.257032250081455,NA
"id129580",0.741808352125106,-0.117839168247154,1.42527086815241,-0.0826784373975948,0.934107230624188,NA
"id129581",3.094809072065,1.59511877533183,0.764476379247615,2.086550766816,0.036928761633826,NA
"id129582",4.70913608853311,-1.38312726339745,0.677119768160115,-2.04266265502144,0.041085844095839,NA
"id129583",588.121453204553,-0.209427740433189,0.223634696535773,-0.936472486950111,0.349029971789836,0.625345366123456
"id129584",0.140933522133087,0.0682389631966335,3.0414330302705,0.0224364510141999,0.982099803958703,NA
"id129585",1.73890723183768,0.997782497583529,0.91951730128372,1.08511552331919,0.277870492816945,NA
"id129586",2.19621637963434,-0.545383140115997,0.88771018424551,-0.614370714446105,0.538970383380623,NA
"id129587",2.70954962412372,0.62602263490026,0.77445293465244,0.808341742782869,0.418893878759107,NA
"id129588",1.45842344389957,-0.5118691543556,1.24014255288771,-0.412750254528157,0.679789601265414,NA
"id129589",6.25902589124381,-0.0664227715401648,0.568297563584419,-0.116880268008219,0.90695493481564,NA
"id129590",1.43898548583732,0.424153499541535,0.85636246901204,0.49529669373632,0.620390704422383,NA
"id129591",1.85424310506772,0.118058848020547,1.04476071950402,0.113000848726964,0.910029882338069,NA
"id129592",0.299734549732251,0.0682447383689622,2.1567799378721,0.0316419571466773,0.9747575831639,NA
"id129593",0.402341627164241,-0.013043569554366,1.71190058904055,-0.00761934988390673,0.993920697186139,NA
"id129594",4.31111206926582,1.3147486091593,0.693367978341261,1.89617728281101,0.0579366060524896,NA
"id129595",1.37211259741896,1.74706509664305,1.09248245371974,1.5991699369583,0.109782848282897,NA
"id129596",6.79736840436846,-0.0527839538616583,0.541453211984634,-0.0974857156506374,0.922340677457145,NA
"id129598",4.90405577722668,0.594115442019535,0.516328168698747,1.15065471542416,0.249874313481341,NA
"id129599",2.05228639029832,0.753507025615584,0.881466671475661,0.854833256887796,0.3926434641488,NA
"id129600",0.983982805513095,2.0140715278992,1.37664566233073,1.46302827445756,0.143459642348841,NA
"id129601",8.19480041565059,0.435873657792507,0.507902358617222,0.858183960750221,0.390790891199597,NA
"id129602",10.3750085353654,0.0473971308530715,0.487077692176731,0.0973091800637709,0.922480865964217,0.972786419365429
"id129603",5.25477034872488,0.939175168864754,0.711155742258761,1.32063219497007,0.186624032530434,NA
"id129604",3.89728623743577,0.552611718157678,0.581332861091762,0.950594324084578,0.341810351038434,NA
"id129605",21.2404070252008,0.753025438611286,0.391461999682868,1.92362333820736,0.0544018135338566,0.194939831829653
"id129606",11.9550175314481,0.688698252742788,0.40638728003346,1.69468456957138,0.0901352743841911,0.270405823152573
"id129607",10.454075386227,-0.099083649276662,0.460131156745533,-0.215337839709599,0.82950392973477,0.94161831329737
"id129608",2.77997445606049,-0.409892444530649,0.700904234812214,-0.584805204723106,0.558678704311827,NA
"id129609",147.460726320941,0.498373051893436,0.233713074938592,2.13241408091688,0.0329728208400597,0.132921684011491
"id129610",0.650135676202138,2.71263410523206,1.79421565236945,1.51187740539982,0.130565053001716,NA
"id129611",20.1825009563879,0.107350306312047,0.506432989754186,0.211973367619974,0.832127811751165,0.94161831329737
"id129612",20.054604130234,0.310310133157138,0.444042947709792,0.698829099206737,0.484658840789397,0.706605026937995
"id129613",0.782467351029748,-1.48951651055299,1.39487564547759,-1.06784896229441,0.285588647871027,NA
"id129614",4.73948236721348,0.105246572288539,0.625026789006856,0.168387298176086,0.866278600016883,NA
"id129615",20.1998764172112,0.043535196707948,0.402155532980516,0.108254625729735,0.913793714443512,0.972786419365429
"id129616",7.07104726349479,-0.566198387557578,0.55302145633703,-1.02382716089865,0.305916919064781,NA
"id129617",29.7721598765202,-0.639605092916829,0.390905625789009,-1.6362135787272,0.101794895533162,0.273573781745373
"id129618",48.6064100371937,-0.0155273162345043,0.261728879730832,-0.0593259568851287,0.952692486916837,0.983178646498175
"id129619",16.6436281972628,0.462524159328753,0.282195512992505,1.63902024672177,0.101209043113292,0.273573781745373
"id129620",19.0733417839624,0.28742647654995,0.25099256174034,1.14515934080669,0.252143157671019,0.500407189839406
"id129621",32.5620070191053,0.222134942605925,0.286387169041046,0.775645582690499,0.437958278451486,0.691441619731423
"id129622",26.9764666075259,-0.138416928980015,0.374546174380668,-0.369559051587951,0.711711066370921,0.898616498937405
"id129623",773.747685124331,-0.668148856062172,0.166439581830096,-4.01436274181599,5.96066180264628e-05,0.000961156715676712
"id129624",16.6249512851927,0.159094705242989,0.422841941261095,0.376251004733592,0.706730300131989,0.898616498937405
"id129627",2.3390223638833,-1.88080204897154,1.00439797414356,-1.87256654970384,0.0611282640728416,NA
"id129628",0.264565939964548,-1.73542689742766,2.79919911251913,-0.619972652058278,0.535275792098159,NA
"id129630",2.3884053605717,-1.23942444805311,0.777777943088147,-1.59354538023025,0.111037896437849,NA
"id129631",0.230846787712252,-0.252355040687848,2.91944952788241,-0.0864392544819539,0.93111724312507,NA
"id129632",0.225126783677152,1.31190361884586,3.03168951864427,0.432730202343586,0.665210785534569,NA
"id129634",0.773653020460827,-0.063701309159738,1.70636428601998,-0.0373316001053436,0.970220609806235,NA
"id129635",0.247032771379197,-0.913640324521809,2.52396069951538,-0.361986747534237,0.717361933787119,NA
"id129636",0.372694040562995,-0.63638543023659,2.5992747104527,-0.244831924720167,0.80658657368993,NA
"id129637",116.947755281516,-1.02490245276025,0.221650611561509,-4.62395499628855,3.76491583869052e-06,6.93820204558681e-05
"id129638",6.37450033938992,0.568740288592346,0.457923650668732,1.24199806618807,0.214237275544265,NA
"id129639",5.63980724207835,-0.0777502903314328,0.620560355066816,-0.125290456756718,0.900293607055845,NA
"id129640",651.603810438863,0.00251614191469728,0.162362180497857,0.0154970936395529,0.987635603155073,0.987635603155073
"id129642",4.00640743110056,-0.164282012786526,0.772867139513124,-0.212561777293335,0.83166878738172,NA
"id129643",6.47138230579424,-0.405722079101791,0.578662651989852,-0.701137489531476,0.483217216177378,NA
"id129644",1.63637041363863,-0.729912653496867,1.15133758134053,-0.633969276540956,0.526100872869696,NA
"id129645",1.8369076550452,1.24668456819115,1.09469019286708,1.13884693250607,0.254767002773189,NA
"id129646",3.48135271830048,-1.09457297780511,0.65835550469058,-1.66258650532519,0.096395234213075,NA
"id129647",1.59317328185544,2.0146693479572,1.27015341056555,1.58616221568082,0.112702516514255,NA
"id129648",4.99976867306932,0.0601979234791727,0.577835593871406,0.104178288976379,0.917027863095423,NA
"id129649",4.19464660641435,0.126013000184749,0.681516751737995,0.184900811114903,0.853306834783751,NA
"id129650",3.84562842091163,0.137364321699342,0.627982791909742,0.218738990094947,0.826853374675688,NA
"id129651",1.1618834225896,0.328680604280456,1.23203495290331,0.266778636032943,0.789639604263866,NA
"id129652",61.2887651603882,-0.585260066468477,0.34999634259722,-1.67218909239289,0.0944870406817657,0.273573781745373
"id129653",1.8295895145419,1.46701270653139,0.903132068402593,1.62436121787388,0.104298738970731,NA
"id129654",9.53487055675875,0.978942962464286,0.415091923839108,2.35837631676912,0.0183550752300143,0.0876964705434018
"id129655",14.7399060786129,-0.0463725634847358,0.412247666457031,-0.112487146096603,0.910437160986029,0.972786419365429
"id129656",14.6232966125572,0.454895843154323,0.411298871537495,1.10599827676127,0.268727265245205,0.517400256964648
"id129657",4.406725996063,0.332303988095092,0.678548440815346,0.489727730706734,0.624326576172973,NA
"id129658",27.7358018058424,-0.481492258456464,0.332787171197292,-1.44684741519382,0.147939663562222,0.346985756355031
"id129659",13.8461873310388,0.0604590059292482,0.426242851644265,0.141841688830729,0.887205054029273,0.972786419365429
"id129660",8.54815074881664,-0.265408275026222,0.488126493725202,-0.543728477019807,0.586628333145622,NA
"id129661",8.02471398616313,-0.318286195763291,0.503689838884249,-0.631909105945724,0.527446272812426,NA
"id129662",3.10409206882575,-1.59284160999112,0.795917477569801,-2.00126477289403,0.0453638638985603,NA
"id129663",7.23794032490792,-0.162831818678327,0.581988086444765,-0.279785484395445,0.779642088901256,NA
"id129664",280.318451280676,-0.0849951105128969,0.153533409228362,-0.553593585526895,0.579857016922322,0.781953144346375
"id129698",33.3909160567369,-0.0308149702102296,0.295376425290637,-0.104324406322912,0.916911910144077,0.972786419365429
"id129699",1.12460063574533,-1.45090723401347,1.0899204443202,-1.33120471459586,0.183121660540973,NA
"id129700",5.60950669423846,-0.51723181720176,0.542070114631337,-0.954178810528099,0.339993138557455,NA
"id129701",1.08242452354174,0.558410750328787,1.63709197065367,0.341099193166172,0.733028908605353,NA
"id129702",5.25319125593711,1.04491167277282,0.645877625719869,1.61781679866708,0.105702085024013,NA
"id129703",10.4939457090303,-0.0110957178109914,0.480822868741723,-0.0230765184693232,0.981589236244903,0.987635603155073
"id129704",2.08693152469808,-0.737524322011041,0.790011131260566,-0.933561937075779,0.350529907178829,NA
"id129705",2.5837707151241,1.33103194615524,0.865405057439714,1.5380450284091,0.124037605425159,NA
"id129706",5.14771265269284,0.566670693410082,0.625392498996595,0.906104077550132,0.364880767310959,NA
"id129707",2.2567741444451,-0.982376311908624,0.994564570562838,-0.987745130869365,0.32327748567913,NA
"id129708",2.53823910507619,1.05715939418947,0.748123034094144,1.413082268573,0.157631536135568,NA
"id129709",4.03662666530739,0.30342391333554,0.644722910036438,0.470626851647619,0.637907228994097,NA
"id129710",0.257656491864597,-1.31683955091487,2.87751065978522,-0.457631510916161,0.647217200829013,NA
"id129711",1.20025807821097,-0.706956627786843,1.25336460593696,-0.564047065345647,0.572722101777824,NA
"id129712",7.48909010200893,-0.0764545346591857,0.624538405559105,-0.122417667158101,0.902568247373349,NA
"id129713",2.69554120373018,0.0368637305590541,0.897019541554279,0.0410957942958297,0.967219527438719,NA
"id129714",2.1659059426684,-0.0572186046866016,0.850153703026043,-0.0673038351570279,0.946339823800308,NA
"id129715",7.75156592340512,0.312497331071364,0.4734292191332,0.660071914537751,0.509207680893648,NA
"id129716",0.441566620718118,-1.48091023047877,1.9785790932146,-0.748471585269169,0.454175757975739,NA
"id129717",16.7434166328939,-0.550813370891094,0.428432579998844,-1.28564772289862,0.198566033500542,0.44163824692362
"id129718",3.43774394445619,-0.437316678278178,0.724682895518936,-0.603459362684449,0.546203141580552,NA
"id129719",8.00637559339987,-0.268028217822654,0.535662393610956,-0.50036780819323,0.616816116247084,NA
"id129720",3.6809896763835,-0.119179113480175,0.611697655646889,-0.194833366418807,0.845523400185352,NA
"id129721",11.5916986483795,0.756966997599186,0.362494850958913,2.08821448248649,0.0367784914860599,0.143770466718234
"id129722",4.34201897679282,0.0388856473596646,0.567065058239241,0.0685735204359198,0.945329096868544,NA
"id129723",0.591561958643024,-2.03034259846565,1.54884638473406,-1.31087409214844,0.189900305149285,NA
"id129724",3.19370438858446,-0.489950533213154,0.859776375484243,-0.569858101692088,0.568773944316999,NA
"id129725",2.77379473831206,0.142307483832742,0.763881640422515,0.186295201117845,0.852213270545492,NA
"id129726",8.85117322029565,0.0490832722867173,0.539734524801652,0.0909396565001193,0.927540539394944,0.972786419365429
"id129727",0.298420729985697,-0.59267473317874,2.40445452246469,-0.246490306903879,0.805302706985936,NA
"id129728",0.0534693261373632,-0.572952901403921,3.0414330302705,-0.188382547207677,0.850576780076535,NA
"id129729",5.48930598874526,0.832348896336804,0.596897504374493,1.39445866373499,0.163179143702943,NA
"id129730",1.43343692773929,-1.82706075319367,1.23803157134171,-1.4757788052316,0.140003282328965,NA
"id129731",3.61264804709487,0.356007622122705,0.633728932305553,0.561766401965462,0.574275186133804,NA
"id129732",10.6368999432332,0.488998228389421,0.41383542093096,1.18162487708127,0.237354578099901,0.487284004020555
"id129733",7.27353219226288,-0.0169798438048208,0.505012805806849,-0.0336226004758285,0.973178099881794,NA
"id129734",5.55630028557364,-0.102672083933775,0.654363884157346,-0.156903653180662,0.875320780700679,NA
"id129735",1.51549401059743,0.714619830385412,0.931154430494695,0.767455759197489,0.44281058730283,NA
"id129736",1.21782450361843,-2.30934441654356,1.38461184756885,-1.66786411700752,0.0953427043085781,NA
"id129737",6.88850182672334,-0.195999570818487,0.535229323611239,-0.366197370308601,0.714217804306784,NA
"id129738",45.7450936350474,-0.186324838646069,0.26877416841247,-0.693239382886413,0.48815933682185,0.706605026937995
"id129739",4.51663265427968,0.0656896721114638,0.598056453101404,0.109838580907889,0.912537393002615,NA
"id129740",4.15415016929752,-0.0733966705830847,0.639055636154636,-0.114851769440188,0.908562614434332,NA
"id129741",3.17961774807596,-0.0196287167671555,0.667647718369217,-0.0293998110487073,0.97654572350202,NA
"id129742",4.14621884084467,0.501653667459403,0.562733511678315,0.891458669243376,0.372683155081657,NA
"id129743",363.268980345098,-0.501397574675098,0.579303767865119,-0.865517544487714,0.386754790626435,0.656465368300133
"id129744",0.55343910870807,0.312623859858949,2.1594597657937,0.144769476519534,0.884892882508303,NA
"id129745",0.559802613852768,0.0627963335548233,1.62733215529237,0.0385885163951308,0.969218458063787,NA
"id129746",3.6085263402876,-0.855773309564139,0.581995433675093,-1.47041241227657,0.141450091695244,NA
"id129747",1.35075522003256,0.156514583210242,1.16497955585314,0.134349639376823,0.893126102456493,NA
"id129748",2.9724349612854,0.085838170912661,0.777505877393368,0.110401957603765,0.912090600677921,NA
"id129749",4.26282161481851,-0.10421988570867,0.740444783782454,-0.140753082459813,0.888065008736413,NA
"id129750",2.67119861365077,-0.61346698090967,0.782181695543217,-0.784302399819805,0.432862691666083,NA
"id129751",0.484558189309536,-1.12044936558106,1.99200305433789,-0.562473718672825,0.573793304901791,NA
"id129752",0.269115516384603,0.0682444814595687,2.21967157592602,0.0307453058370123,0.975472659391886,NA
"id129753",1.39003665749583,1.03718840189941,1.07553248284028,0.96434874673463,0.334871109083084,NA
"id129754",6.75481871757148,0.367573965566887,0.468070024512442,0.785296956261544,0.432279479982095,NA
"id129755",2.09152144673306,-1.3535851304952,1.08857616084377,-1.24344550173321,0.213703711740238,NA
"id129756",3.01165739683217,1.08463604665945,0.73289471168922,1.47993433348634,0.138890771980668,NA
"id129757",42.3275013162491,0.232420525841267,0.232842986544279,0.998185641280066,0.318189347793316,0.586377512361968
"id129758",13.8645500893054,0.283398226023956,0.373009581890049,0.759761249531365,0.447397309676066,0.691441619731423
"id129759",1.1021188858189,0.719430716444926,1.16357451607467,0.618293634405069,0.536381797229409,NA
"id129760",0.275276182583029,-1.81758031000523,2.78799517035642,-0.651930939239348,0.514445724790818,NA
"id129761",0.0579437106462362,-0.572952901403921,3.0414330302705,-0.188382547207677,0.850576780076535,NA
"id129762",1.92763460681909,0.426944434499664,0.930244009973317,0.458959616963199,0.646263165828561,NA
"id129763",2.28586630879839,-0.525264501797953,0.771764991659107,-0.68060161768774,0.496123603053725,NA
"id129764",0.88046160039817,-2.21815785915322,1.77797478980077,-1.24757554037185,0.212186540503283,NA
"id129765",0.855754259182548,0.361315469566815,1.320874842451,0.273542547677237,0.784436190642621,NA
"id129766",4.38543550641348,0.819152341741676,0.773409370993969,1.05914457784358,0.289533940897949,NA
"id129767",0.571151387048877,0.311046955852749,1.38971494179222,0.223820689048369,0.822896830799382,NA
"id129768",5.0879436900165,0.115108338069093,0.475731443438088,0.241960752556549,0.808810574634618,NA
"id129769",0.821306300460508,-0.646182727223974,1.25370485498487,-0.515418541018389,0.60626057891454,NA
"id129770",0.511459003783495,0.608832164935567,1.63281492920453,0.372872732877434,0.709243166888173,NA
"id129771",8.64548779734122,-0.903789664140526,0.489333815698692,-1.84697978178773,0.0647500705942729,0.225750246125978
"id129772",236.21991944875,-0.166890144290085,0.15645727270305,-1.06668192156741,0.286115493417056,0.542777921335297
"id129773",0.458124888232063,0.628101752961271,1.80892382207748,0.347223993235889,0.728423046870104,NA
"id129774",470.782457351307,0.591578676555937,0.24936225405187,2.37236657490625,0.0176745454379569,0.0876964705434018
"id129775",1.95165787987013,0.148235941168978,0.738924950781384,0.200610279856195,0.841003319320248,NA
"id129776",37.3574204935355,-0.1511317239122,0.220444750079208,-0.685576426101766,0.492980251352089,0.706605026937995
"id129777",26.8172766748958,-1.07524457889881,0.397932465907722,-2.70207804343401,0.00689075860082223,0.0480220733461119
"id129778",96.9318646463189,0.350849333222592,0.204576899099114,1.71499976178939,0.0863452706028676,0.265203331137379
"id129779",380.379515046746,-0.321193125915033,0.185500447031934,-1.73149515839032,0.0833634876718778,0.262289997796884
"id129780",15.0945533592453,0.363687719693194,0.410196357767898,0.886618598156787,0.37528427737865,0.645488957091279
"id129781",2.43882998430691,-0.0539116427677646,0.813944562040263,-0.0662350303473098,0.947190707813257,NA
"id129782",27.0439201426698,-0.181188175060529,0.329083391558784,-0.550584379850611,0.581918619048465,0.781953144346375
"id129783",10.6796420109215,-0.475440105357672,0.40614535253458,-1.1706156487835,0.241753304320276,0.487284004020555
"id129784",3.36848063506109,-0.975997357597781,0.695381114051446,-1.40354309007819,0.160454951980335,NA
"id129785",1.43466353749329,-2.63869124668253,1.11087574759515,-2.37532528043288,0.0175334910955265,NA
"id129786",3.51631440154865,-0.541630200691879,0.662785624770128,-0.817202697900594,0.413812601007758,NA
"id129787",10.8222345398203,-0.383916880950034,0.420093926404526,-0.913883436106487,0.360778098127889,0.637539378883529
"id129788",23.4792060611438,0.179092399939683,0.28649246042212,0.625120813566287,0.531891768497297,0.754000419078585
"id129789",60.3416271517031,-0.361128998982388,0.322768421430663,-1.11884860787091,0.263204730752655,0.514445610107462
"id129790",6.30534331014007,0.812716413797253,0.454465282984764,1.78829152462345,0.0737289865369216,NA
"id129791",1.11194283645232,-0.498538960213948,1.34361777510847,-0.371042248360922,0.710606064505996,NA
"id129792",11.4466268422729,0.888313872394544,0.380841713176546,2.33250151351659,0.0196743233885897,0.0906424184688598
"id129793",2.52377231597539,-0.337627122020761,0.820533828870169,-0.411472519646941,0.680726087533189,NA
"id129794",2.31714007993497,0.416941862980688,0.98706212291872,0.422406911682317,0.672728033846165,NA
"id129795",4515.3319638907,-0.323907345459511,0.148174102873056,-2.18599160837849,0.0288162192752773,0.123909742883692
"id129797",0.274055628695414,0.376193996070333,2.22645573068759,0.168965405817503,0.865823852271198,NA
"id129798",0.0746499424837719,-0.572952901403921,3.0414330302705,-0.188382547207677,0.850576780076535,NA
"id129799",0.206727410807212,1.11415323597614,3.03685111427244,0.366877793494682,0.713710176422323,NA
"id129800",0.63603134232001,0.780263034150436,1.89084285058369,0.412653560241441,0.679860453856224,NA
"id129801",0.635737630409645,0.325065598993344,1.45202393107458,0.223870689757006,0.822857923091424,NA
"id129802",0.251004973356375,0.0682413936313774,2.8696868327786,0.0237800838934408,0.981028026308134,NA
"id129803",0.0978910448819935,0.388833412662816,3.0414330302705,0.127845462580589,0.898271271299218,NA
"id129805",0.139006625874046,0.068238963196633,3.0414330302705,0.0224364510141997,0.982099803958703,NA
"id129808",0.19054321935072,0.388839557952665,2.44001568766297,0.159359449989886,0.873385684806424,NA
"id129809",2.25763631852689,-0.120796959427082,1.04275714100559,-0.11584380933665,0.907776329392507,NA
"id129810",0.815666478541521,-0.197367845119236,1.39021832540807,-0.141968956610685,0.887104526314672,NA
"id129812",0.735464018583265,-0.0494850903054845,1.55992667717878,-0.0317227027586843,0.974693189812914,NA
"id129815",0.236485254489134,0.679736235541676,2.57898445676081,0.263567402959621,0.792113279219355,NA
"id129816",0.151360371019357,0.0682396045413222,2.943453414467,0.0231835177706317,0.981503885988564,NA
"id129817",2.37212373450335,2.50340608554366,1.06505196167209,2.35050136109173,0.018748139092827,NA
"id129818",0.228539339778011,1.05327809839505,2.95068655893776,0.356960347145182,0.721121491100174,NA
"id129819",1.51851802853754,-0.463650457177406,1.11310693408216,-0.41653721038017,0.677016944639826,NA
"id129820",0.640520483234801,-2.14013394626678,1.69302926725231,-1.26408561722037,0.20619929837753,NA
"id129822",16.1530342428208,0.84901819873903,0.422018482866039,2.0118033527184,0.0442406703943421,0.167854308260886
"id129823",1.93946578281928,-1.68974479813568,1.06208483318692,-1.59096970913839,0.111616392896368,NA
"id129824",2.99092341774062,0.0730222281876951,0.704050104312455,0.103717374289725,0.917393638328373,NA
"id129825",0.757522434263479,0.422453325539882,1.33339103038155,0.316826284198864,0.751375418952849,NA
"id129826",8.52718760712673,0.602068724671045,0.643547780752449,0.935546268168455,0.349506850574081,NA
"id129827",13.8442253070115,0.422063640830198,0.437750529849224,0.964164774342068,0.334963321869575,0.608595331284157
"id129828",5.97406589002698,-0.303994700454548,0.590961058225604,-0.514407330607045,0.606967235116032,NA
"id129829",1.61101378470776,1.06923002337363,0.98119381723508,1.08972356387919,0.275834932945126,NA
"id129830",0.0602954948187701,-0.572952901403921,3.0414330302705,-0.188382547207677,0.850576780076535,NA
"id129831",4.40568282114493,0.477765054266989,0.702444724338832,0.680146120702493,0.496411943947727,NA
"id129832",5.30703356408133,0.808822303817262,0.557439450038792,1.4509599271472,0.146791019097774,NA
"id129833",1.50454321956267,-0.606881358858348,1.00351808301894,-0.604753784837271,0.545342605205028,NA
"id129834",3.50556093803867,1.23306298965146,0.827350426586467,1.49037572233921,0.136125472331577,NA
"id129835",0.621418147148813,0.356479634215802,1.38207699132311,0.257930373238131,0.796460643303238,NA
"id129836",31.2374363529952,0.838010950541382,0.307894668558673,2.72174557118611,0.00649381172766812,0.0480220733461119
"id129837",0.0438373537626382,0.0682374803625387,3.0414330302705,0.022435963469651,0.982100192865074,NA
"id129838",0.632166241059726,1.73568480564429,1.56621667964561,1.10820222271993,0.267774491119271,NA
"id129840",1.26981840219005,2.22090467149154,1.08282371575942,2.05103068871551,0.0402639582455114,NA
"id129842",0.133636811320349,-1.1722571610973,3.0406033796805,-0.385534387329557,0.699841534339261,NA
"id129843",0.0629318824859687,0.0682374803625387,3.0414330302705,0.022435963469651,0.982100192865074,NA
"id129846",0.226561762161385,-0.913841801190943,2.59733213141623,-0.351838638631348,0.724959279521941,NA
"id129890",0.33418145079915,0.037083087184421,2.1369313936638,0.0173534289843725,0.986154661840845,NA
"id129892",0.423134736369412,2.13601368000266,2.50542921622125,0.852553992015887,0.393906685584034,NA
"id129894",0.821979632736996,0.635269219982024,1.41424862406932,0.449192036796272,0.653293131473652,NA
"id129895",0.0733413165015786,-0.893547350870104,3.0414330302705,-0.293791558774067,0.76891718571833,NA
"id129898",0.796897584778793,0.788922146747086,1.24443571882441,0.633959741602696,0.526107095644467,NA
"id129899",0.698025596976368,-0.761247167014058,1.55844860868881,-0.48846472239757,0.625220707567945,NA
"id129900",2.1041002564037,1.03662345588338,0.854950144193613,1.21249579630298,0.225322650762794,NA
"id129901",0.112897627079585,0.709429344963093,3.0414330302705,0.233254961691528,0.815563429386767,NA
"id129902",0.508857761430487,-1.28060111043012,2.16226855209061,-0.592248871765703,0.553683947570702,NA
"id129903",0.300958349639225,0.32994852825957,2.17406219884054,0.151765910117722,0.879371570407764,NA
"id129904",0.494403442509191,0.392441555910543,1.7866927264945,0.219646920867314,0.826146146060895,NA
"id129905",0.063741541154323,-0.572952901403921,3.0414330302705,-0.188382547207677,0.850576780076535,NA
"id129906",0.814298320092806,-1.20035171351177,1.42064195814019,-0.844936126681199,0.398146502440022,NA
"id129907",15.0367368145554,0.442409208471743,0.362181940440904,1.2215109564358,0.221892619804427,0.485155050080866
"id129908",3.20355342940714,0.401443167027956,0.822036681831395,0.488351889764324,0.625300612925939,NA
"id129909",13.2738173007944,1.02950174696728,0.399922024806596,2.57425618772847,0.0100455859788399,0.0589036632395611
"id129910",0.101781064408874,-0.252356969103644,3.0414330302705,-0.0829730480967387,0.933872970201772,NA
"id129911",2.40268296540514,1.01647310640979,0.796752839746592,1.27576966871317,0.202036952554866,NA
"id129912",5.06804537828167,0.918538237926142,0.625254208281195,1.46906366364359,0.141815522260133,NA
"id129913",0.090516202717038,-0.252356969103644,3.0414330302705,-0.0829730480967387,0.933872970201772,NA
"id129914",0.386244213137542,0.0505358337568241,2.03528569699013,0.0248298476383727,0.98019068342088,NA
"id129915",1.16309782023521,1.91991803176558,1.17699056572375,1.63120936367488,0.102846150199389,NA
"id129916",21.7882657701499,0.556235446527754,0.318794592939602,1.74480828359951,0.0810182464167055,0.261283844693875
"id129917",0.126185281127791,0.709429344963093,3.0414330302705,0.233254961691528,0.815563429386767,NA
"id129918",12.6876556452084,-0.183600612223351,0.354813110376609,-0.517457238342945,0.604837012174781,0.796163005821905
"id129919",3.50142838691425,0.706362663346136,0.713953611234933,0.989367729542446,0.322483257341172,NA
"id129920",32.0371177094308,0.0380913543646533,0.318953706446794,0.119425965570359,0.904937890952905,0.972786419365429
"id129921",0.776580985277419,2.0307896496917,1.80460412848706,1.12533802712414,0.260445821402115,NA
"id129922",0.294456128499895,1.61248523207562,2.156279429133,0.747809031746859,0.454575353570137,NA
"id129923",1.76396770556893,0.967381834961134,1.20536267729515,0.802564948445185,0.42222623465119,NA
"id129924",0.16040797841209,-1.23535973861447,3.04027003485204,-0.406332241693324,0.684498498484238,NA
"id129949",0.953598355339747,1.71995066429051,1.49827323688652,1.14795527407581,0.250987028067501,NA
"id130028",0.567722769113434,-1.47685803916168,1.58187621550499,-0.933611634517318,0.350504261631639,NA
"id130029",7.03718863745206,0.443107460020901,0.433336100460407,1.02254914730186,0.306521063877407,NA
"id130030",0.138238375192899,0.0682390005028904,3.03582029906959,0.0224779446015972,0.982066705213276,NA
"id130031",7.32063667934343,0.607194737265773,0.535516097138117,1.13384964618378,0.256857621915942,NA
"id130033",3.01260637531611,0.40179903265525,0.77766720687012,0.516672207733141,0.605385000167187,NA
"id130034",0.247211456391072,-0.91363837313124,2.52328026751094,-0.362083588135253,0.717289567520947,NA
"id130035",0.236457312559997,1.05214774460003,2.57391961623746,0.408772573145876,0.682706569240363,NA
"id130036",2.67806710868651,-0.171299401363185,0.681219482782622,-0.251459926929081,0.801458540652179,NA
"id130037",1.42700797647385,0.050025845599705,1.03205467765026,0.0484720884300451,0.961340008491959,NA
"id130038",65.9802271137397,-0.0643923660064419,0.23502575938039,-0.273980035959473,0.784099963840182,0.924780248703516
"id130058",1.91196255092777,0.0584713079397497,1.0401230198624,0.0562157618119874,0.955169924908353,NA
"id130059",25.8402467929066,-0.0479785825000276,0.280186139618478,-0.171238243852314,0.864036437329955,0.960868107030726
"id130060",0.552077887085641,0.0491721863332326,1.77224707334338,0.0277456721880592,0.977864996571782,NA
"id130061",0.0397436923201049,0.0682374803625389,3.0414330302705,0.022435963469651,0.982100192865074,NA
"id130062",6.04265242071227,-0.509276610491546,0.516369691842609,-0.986263559881387,0.32400379656328,NA
"id130063",11.3202518143257,0.929386072491133,0.417126142621889,2.22806958741397,0.0258758749620453,0.115103030003581
"id130065",0.428054924808277,-0.399361853425316,2.04911368878392,-0.194894922429767,0.845475209288681,NA
"id130066",0.379594747225281,0.304546271008547,2.60345511198711,0.116977730711131,0.906877700626608,NA
"id130067",2.65380043440327,1.61631326552898,1.00567696329017,1.60718931081115,0.108012846157812,NA
"id130068",0.323864586183033,-0.540786215925917,1.94607578945787,-0.277885485681195,0.781100266016221,NA
"id130069",0.209614515489126,-1.01642871446239,3.03975817656273,-0.334378149649963,0.738094225505546,NA
"id130070",1.10023019165793,2.29774056090911,1.28417538112568,1.78927317458379,0.0735708320410099,NA
"id130071",0.708956607927531,1.93833673827354,2.99466804947394,0.647262636876912,0.517461978641878,NA
"id130072",1.6363762258579,0.723879223447039,0.974607118752695,0.742739519872851,0.457639398249655,NA
"id130073",2.57254438356716,-0.0166482260978826,0.780576485393503,-0.0213281163465869,0.982983915336168,NA
"id130074",1.20888390009769,-0.214923415945338,1.05879458771032,-0.20298877463108,0.839143806113414,NA
"id130075",0.882407130089777,-0.083043039449352,1.27476492173557,-0.0651438065430056,0.948059501905935,NA
"id130076",0.103363705403606,0.388833412662816,3.0414330302705,0.127845462580589,0.898271271299218,NA
"id130077",0.0893143950616645,0.388833412662816,3.0414330302705,0.127845462580589,0.898271271299218,NA
"id130078",0.649892099117691,0.830746644690496,1.70997304384236,0.485824409736767,0.627091666044683,NA
"id130079",2.30522172390434,-1.92319222266935,0.765570345367905,-2.51210386387829,0.012001376080018,NA
"id130080",0.0746499424837719,-0.572952901403921,3.0414330302705,-0.188382547207677,0.850576780076535,NA
"id130081",1.65119618344,-0.0510201350513717,0.934247883844269,-0.0546109185085147,0.956448440029351,NA
"id130082",37.1001117523762,0.279518414096205,0.272590962438352,1.02541335778665,0.305168188007206,0.570531829752602
"id130083",0.115887421292472,-0.893547350870104,3.0414330302705,-0.293791558774067,0.76891718571833,NA
"id130092",18.7654827421337,-7.53253218105062,0.731321859070031,-10.2998865514962,7.05444476637504e-25,1.51670562477063e-23
"id130101",0.777664313340401,-3.25114011744146,1.42466508526502,-2.28203817940599,0.0224870862716613,NA
"id130110",721.108103921874,-7.86684199929939,0.690708671524312,-11.3895225637434,4.71566445906786e-30,2.02773571739918e-28
"id130119",0.691082390439329,-3.10264354923477,1.57352961551165,-1.97177321522856,0.048635501305705,NA
"id130127",0.110011974752368,-1.15275739159996,3.04070888185129,-0.379108108138956,0.704607585516974,NA
"id130128",17.6248059074561,-7.76596096332555,0.746399676636795,-10.4045609964868,2.36342935248381e-25,6.09764772940824e-24
"id130129",31.2398196423182,-8.59263498796774,0.773755851459376,-11.1050985550044,1.18486559650638e-28,3.82119154873308e-27
"id130130",41.4215578408832,-8.67576687605433,0.718284631323701,-12.0784526045978,1.3727885564317e-33,8.85448618898449e-32
"id130131",287.372963617025,-8.71688633452947,0.434994768306799,-20.0390601672283,2.51470979327504e-89,3.2439756333248e-87
